t_s,pid,kind,cpu_pct,power,mem
0,166,WindowServer,7.0,11.3,309M-
0,8793,gpu-process,2.5,4.1,204M-
0,8795,renderer,0.7,1.0,112M+
0,8790,main,0.1,0.1,84M-
0,8794,utility:network,0.0,0.0,8467K
0,8803,utility:video_capture,0.0,0.0,10M-
0,8802,utility:audio,0.0,0.0,6994K
0,8792,helper,0.0,0.0,2401K
5,166,WindowServer,7.9,12.1,309M-
5,8793,gpu-process,3.2,4.7,207M+
5,8795,renderer,1.2,1.4,112M+
5,8790,main,0.1,0.1,84M-
5,8803,utility:video_capture,0.0,0.0,10M-
5,8802,utility:audio,0.0,0.0,6994K
5,8794,utility:network,0.0,0.0,8467K
5,8792,helper,0.0,0.0,2401K
10,166,WindowServer,8.1,12.3,309M
10,8793,gpu-process,2.6,4.1,204M-
10,8795,renderer,0.9,1.2,112M+
10,8794,utility:network,0.0,0.0,8467K
10,8790,main,0.0,0.0,84M
10,8803,utility:video_capture,0.0,0.0,10M
10,8802,utility:audio,0.0,0.0,6994K
10,8792,helper,0.0,0.0,2401K
15,166,WindowServer,7.4,11.5,309M-
15,8795,renderer,4.3,4.6,99M-
15,8793,gpu-process,2.7,4.1,193M-
15,8790,main,1.5,1.5,80M-
15,8794,utility:network,0.0,0.0,8467K
15,8803,utility:video_capture,0.0,0.0,10M
15,8802,utility:audio,0.0,0.0,6994K
15,8792,helper,0.0,0.0,2401K
20,166,WindowServer,8.4,12.7,310M+
20,8793,gpu-process,3.2,4.7,193M
20,8795,renderer,1.1,1.3,99M+
20,8790,main,0.1,0.1,80M
20,8803,utility:video_capture,0.0,0.0,10M
20,8802,utility:audio,0.0,0.0,6994K
20,8794,utility:network,0.0,0.0,8467K
20,8792,helper,0.0,0.0,2401K
25,166,WindowServer,7.1,11.2,309M-
25,8793,gpu-process,2.6,4.0,192M-
25,8795,renderer,2.0,2.2,95M-
25,8790,main,1.0,1.0,79M-
25,8794,utility:network,0.0,0.0,8467K
25,8803,utility:video_capture,0.0,0.0,10M
25,8802,utility:audio,0.0,0.0,6994K
25,8792,helper,0.0,0.0,2401K
30,166,WindowServer,8.6,12.9,309M-
30,8793,gpu-process,3.0,4.5,192M
30,8795,renderer,0.9,1.1,95M+
30,8790,main,0.0,0.0,79M
30,8803,utility:video_capture,0.0,0.0,10M
30,8802,utility:audio,0.0,0.0,6994K
30,8794,utility:network,0.0,0.0,8467K
30,8792,helper,0.0,0.0,2401K
35,166,WindowServer,7.4,11.5,309M
35,8793,gpu-process,3.0,4.3,192M-
35,8795,renderer,0.9,1.2,95M+
35,8790,main,0.0,0.0,79M+
35,8803,utility:video_capture,0.0,0.0,10M
35,8802,utility:audio,0.0,0.0,6994K
35,8794,utility:network,0.0,0.0,8467K
35,8792,helper,0.0,0.0,2401K
40,166,WindowServer,8.2,12.2,309M
40,8793,gpu-process,3.1,4.6,192M
40,8795,renderer,1.0,1.2,95M+
40,8790,main,0.0,0.0,79M
40,8803,utility:video_capture,0.0,0.0,10M
40,8802,utility:audio,0.0,0.0,6994K
40,8794,utility:network,0.0,0.0,8467K
40,8792,helper,0.0,0.0,2401K
45,166,WindowServer,7.5,11.9,309M
45,8793,gpu-process,3.5,5.3,201M+
45,8795,renderer,1.1,1.3,89M-
45,8790,main,0.2,0.3,76M-
45,8802,utility:audio,0.0,0.0,6946K-
45,8803,utility:video_capture,0.0,0.0,10M-
45,8794,utility:network,0.0,0.0,8307K-
45,8792,helper,0.0,0.0,2401K
50,166,WindowServer,7.3,11.7,309M
50,8793,gpu-process,3.1,4.9,201M-
50,8795,renderer,1.1,1.3,88M-
50,8790,main,0.1,0.2,76M-
50,8803,utility:video_capture,0.0,0.0,10M
50,8802,utility:audio,0.0,0.0,6946K
50,8794,utility:network,0.0,0.0,8307K
50,8792,helper,0.0,0.0,2401K
55,166,WindowServer,7.9,12.6,309M
55,8793,gpu-process,3.6,5.3,201M-
55,8795,renderer,1.0,1.2,87M-
55,8790,main,0.0,0.1,75M-
55,8803,utility:video_capture,0.0,0.0,10M
55,8802,utility:audio,0.0,0.0,6946K
55,8794,utility:network,0.0,0.0,8307K
55,8792,helper,0.0,0.0,2401K
